ticker,action,price,quantity,timestamp,profit_loss,reason
NFLX,BUY,1180.489990234375,0.008471058698273753,2025-07-26T23:44:19.459672,0.0,Price dropped 5% - buying opportunity
INTC,BUY,20.700000762939453,0.4830917696343106,2025-07-26T23:44:19.586771,0.0,Price dropped 5% - buying opportunity
TXN,BUY,184.99000549316406,0.054056974447571064,2025-07-26T23:44:19.756886,0.0,Price dropped 5% - buying opportunity
IBM,BUY,259.7200012207031,0.03850300305328532,2025-07-26T23:44:19.927407,0.0,Price dropped 5% - buying opportunity
HON,BUY,224.24000549316406,0.04459507561109496,2025-07-26T23:44:20.114309,0.0,Price dropped 5% - buying opportunity
LMT,BUY,421.1700134277344,0.023743380775411806,2025-07-26T23:44:20.301786,0.0,Price dropped 5% - buying opportunity
CHTR,BUY,309.75,0.03228410008071025,2025-07-26T23:44:20.392122,0.0,Price dropped 5% - buying opportunity
DOW,BUY,25.510000228881836,0.3920031325079421,2025-07-26T23:44:20.492254,0.0,Price dropped 5% - buying opportunity
TMO,SHORT,478.32000732421875,0.020906505784571372,2025-07-26T23:44:20.651333,0.0,Price jumped 10% - shorting opportunity
HSY,SHORT,187.1199951171875,0.05344164312176958,2025-07-26T23:44:20.806670,0.0,Price jumped 10% - shorting opportunity
NEM,SHORT,65.75,0.1520912547528517,2025-07-26T23:44:20.958643,0.0,Price jumped 10% - shorting opportunity
